{
  "finnhub": {
    "used": 60,
    "last_reset": 1749232665.4830568,
    "last_call": 1749232666.3929198
  },
  "alpha_vantage": {
    "used": 0,
    "last_reset": 1749232665.4833078,
    "last_call": 1749154473.6363575
  },
  "newsapi": {
    "used": 0,
    "last_reset": 1749232665.4834576,
    "last_call": 1749154473.6363595
  }
}